"","sofifa_id","short_name","long_name","age","height_cm","weight_kg","nationality","club","wage_eur","player_positions","preferred_foot"
"1813",224599,"Yan Junling","颜骏凌",28,191,83,"China PR","Shanghai SIPG FC",13000,"GK","Right"
"12287",243530,"Mujaid","Mujaid Sadick Aliu",19,180,75,"Spain","Deportivo de La Coruña",1000,"CB, RB","Right"
"4257",202676,"A. Taggart","Adam Taggart",26,183,70,"Australia","Suwon Samsung Bluewings",6000,"ST, CF","Right"
"8794",241187,"L. Geertruida","Lutsharel Geertruida",18,180,75,"Netherlands","Feyenoord",1000,"CB, CDM, RB","Right"
"3851",193254,"C. Trimmel","Christopher Trimmel",32,189,82,"Austria","1. FC Union Berlin",24000,"RB","Right"
"15820",180181,"K. Browne","Kenny Browne",32,191,86,"Republic of Ireland","Waterford FC",1000,"CB","Left"
"16591",245142,"R. Borkała","Remigiusz Borkała",20,176,72,"Poland","Piast Gliwice",1000,"RM","Right"
"2880",188091,"F. Gulbrandsen","Fredrik Gulbrandsen",26,175,79,"Norway","Medipol Başakşehir FK",31000,"ST","Right"
"349",207877,"J. Martínez","Josef Alexander Martínez",26,170,69,"Venezuela","Atlanta United",14000,"ST","Right"
"18081",251306,"A. Randell","Adam Randell",18,177,69,"England","Plymouth Argyle",1000,"CM","Right"
"14135",246610,"J. Cozzani","Juan Pablo Cozzani",20,183,77,"Argentina","Club Atlético Lanús",2000,"GK","Right"
"7181",214563,"M. Duarte","Edison Mauricio Duarte Barajas",27,171,67,"Colombia","Cúcuta Deportivo",1000,"LB","Left"
"7518",208923,"I. Ghaleb","Ibrahim Mohammed Ghaleb Jahshan",28,176,76,"Saudi Arabia","Al Faisaly",10000,"CDM, CM","Right"
"17628",245684,"J. Mortensen","Jonas Mortensen",18,179,68,"Denmark","Esbjerg fB",1000,"RB, LB","Right"
"6193",217532,"M. El-Munir","Mohammed Mounir Abdussalam",27,177,76,"Libya","Los Angeles FC",4000,"LB, LM","Left"
"8586",209017,"Samuel","Samuel Rosa Gonçalves",28,185,83,"Brazil","Jeonbuk Hyundai Motors",5000,"ST","Right"
"15769",221182,"S. Al Sharif","Sultan Al Sharif",27,174,74,"Saudi Arabia","Abha Club",3000,"CDM, CM","Right"
"4222",206085,"J. Murphy","Jacob Murphy",24,179,74,"England","Sheffield Wednesday",17000,"RW, LW, RM","Right"
"11043",246139,"Iñaki Peña","Ignacio Peña Sotorres",20,184,78,"Spain","FC Barcelona",12000,"GK","Right"
"1879",236221,"D. Brašanac","Darko Brašanac",27,178,73,"Serbia","CA Osasuna",28000,"CM, RM, CDM","Right"
"6635",239250,"Abel Ruiz","Abel Ruiz Ortega",19,182,73,"Spain","FC Barcelona",28000,"ST, LW","Right"
"13754",216226,"A. Kenyon","Alex Kenyon",26,182,76,"England","Morecambe",2000,"CDM, CM","Left"
"13962",247942,"A. Bălan","Adrian Bălan",29,185,81,"Romania","Politehnica Iaşi",2000,"ST","Right"
"2301",216175,"C. Stanković","Cican Stanković",26,186,80,"Austria","FC Red Bull Salzburg",22000,"GK","Right"
"15213",202881,"K. Buckley","Keith Buckley",27,180,71,"Republic of Ireland","Bohemian FC",1000,"CDM, RB","Right"
"5415",192594,"G. Kagelmacher","Gary Kagelmacher",31,183,78,"Uruguay","KV Kortrijk",8000,"CB, RB","Right"
"1598",230317,"Fred Aníbão","Fred Marcos Aníbal Dias",27,192,90,"Brazil","Atlético Paranaense",12000,"GK","Right"
"8027",239394,"F. Flecker","Florian Flecker",23,173,70,"Austria","1. FC Union Berlin",11000,"RM, RW, LW","Right"
"10615",202866,"N. Mezquida","Nicolás Mezquida",27,168,68,"Uruguay","Colorado Rapids",2000,"CAM, ST, CM","Right"
"15805",235386,"R. Peña","Ricardo Israel Peña Franco",27,171,72,"Mexico","Querétaro",2000,"RB","Right"
"14560",200703,"R. Siemaszko","Rafał Siemaszko",32,170,68,"Poland","Arka Gdynia",1000,"ST","Right"
"1563",201262,"V. Darida","Vladimír Darida",28,172,67,"Czech Republic","Hertha BSC",28000,"CM, CAM, CDM","Right"
"462",220018,"A. Rebić","Ante Rebić",25,185,78,"Croatia","Eintracht Frankfurt",44000,"ST, LW, CAM","Right"
"7406",191252,"M. Gaus","Marcel Gaus",29,183,80,"Germany","FC Ingolstadt 04",4000,"LB, CDM, LWB","Left"
"12605",240587,"F. Bin Jamayah","Fahad Bin Jamayah",24,175,61,"Saudi Arabia","Al Nassr",6000,"RM","Right"
"15631",229897,"H. Ascroft","Harry Ascroft",24,183,77,"Australia","Finn Harps",1000,"CB, CDM, CM","Right"
"5816",246690,"A. Bareiro","Adam Bareiro",22,184,84,"Paraguay","San Lorenzo de Almagro",9000,"ST","Right"
"16523",237714,"D. Ingham","Dane Ingham",20,186,73,"New Zealand","Perth Glory",1000,"RB, RM","Right"
"12346",235995,"A. Borkovic","Alexandar Borkovic",20,184,74,"Austria","FK Austria Wien",2000,"CB","Left"
"7346",184290,"T. Pekhart","Tomáš Pekhart",30,194,91,"Czech Republic","UD Las Palmas",5000,"ST, CF","Right"
"4845",228777,"G. Banguera","Geovanni Banguera",23,187,80,"Colombia","Atlético Huila",1000,"GK","Right"
"2857",213582,"A. Ruiz","Alan Ruiz",25,183,77,"Argentina","Club Atlético Aldosivi",11000,"CF, CAM, ST","Left"
"16178",231063,"C. Lewis","Clayton Lewis",22,173,72,"New Zealand","Scunthorpe United",3000,"CM, CAM, LM","Left"
"8566",203528,"L. Bangoura","Alhassane Bangoura",27,175,72,"Guinea","Vancouver Whitecaps FC",3000,"RM, LM","Right"
"1277",233113,"Aleñá","Carles Aleñá Castillo",21,180,73,"Spain","FC Barcelona",81000,"CM, RW, CAM","Left"
"17274",247455,"C. Díaz","Camilo Díaz",21,182,73,"Colombia","Rionegro Águilas",1000,"CDM","Left"
"2107",230274,"Dani Rochelinhas","Danilo Manuel Aldair Rochela",27,178,75,"Brazil","Chapecoense",17000,"CAM, CM","Left"
"9883",243617,"F. Serrarens","Fabian Serrarens",28,188,83,"Netherlands","Arka Gdynia",2000,"ST","Right"
"11683",199812,"R. Allsop","Ryan Allsop",27,189,80,"England","Wycombe Wanderers",2000,"GK","Right"
"14383",247170,"Iago Indias","Iago Indias Fernández",23,179,68,"Spain","RCD Espanyol",3000,"CB, CDM","Right"
"17814",243539,"K. Yakob","Kevin Yakob",18,184,77,"Sweden","BK Häcken",1000,"CM","Right"
"11650",215459,"G. Karlen","Gaëtan Karlen",26,186,79,"Switzerland","Neuchâtel Xamax",2000,"ST, CF","Right"
"5931",223727,"C. MacGillivray","Craig MacGillivray",26,188,78,"Scotland","Portsmouth",5000,"GK","Right"
"9381",208989,"F. Ladapo","Freddie Ladapo",26,183,79,"Nigeria","Rotherham United",4000,"ST","Right"
"15939",246458,"B. Galdames","Benjamín Galdames",18,172,66,"Chile","Unión Española",1000,"CAM","Right"
"14230",226473,"M. Kelly","Michael Kelly",21,181,70,"Scotland","Bristol Rovers",1000,"LB","Left"
"11786",232977,"R. Shinzato","新里 亮",28,184,70,"Japan","Júbilo Iwata",2000,"CB","Right"
"8218",235548,"M. Cabit","Manuel Cabit",26,180,75,"France","FC Metz",6000,"LB","Left"
"6975",219941,"G. Castellón","Gabriel Castellón",25,190,78,"Chile","CD Huachipato",2000,"GK","Right"
"14706",237341,"S. Stubbs","Sam Stubbs",20,190,72,"England","Hamilton Academical FC",1000,"CB","Right"
"39",188567,"P. Aubameyang","Pierre-Emerick Aubameyang",30,187,80,"Gabon","Arsenal",205000,"ST, LM","Right"
"16623",226352,"J. Sowerby","Jack Sowerby",24,175,78,"England","Fleetwood Town",2000,"CM","Right"
"1850",202282,"S. Armstrong","Stuart Armstrong",27,183,75,"Scotland","Southampton",46000,"CAM, CDM, CM","Right"
"4675",213106,"R. Sigurjónsson","Rúnar Már Sigurjónsson",29,178,83,"Iceland","Iceland",0,"CM, CDM","Right"
"4595",198611,"N. Đurđić","Nikola Đurđić",33,184,77,"Serbia","Hammarby IF",5000,"ST, CAM","Right"
"4052",244778,"Francisco Trincão","Francisco Mota Castro Trincão",19,183,77,"Portugal","SC Braga",6000,"RW, LW","Left"
"6434",199186,"F. Bertoglio","Facundo Daniel Bertoglio",29,173,64,"Argentina","Club Atlético Aldosivi",6000,"LM","Right"
"6523",215332,"C. Auzqui","Carlos Auzqui",28,180,74,"Argentina","Club Atlético Lanús",9000,"RM, RW","Right"
"9710",202966,"Choi Bo Kyung","최보경 财博炅",31,184,79,"Korea Republic","Jeonbuk Hyundai Motors",3000,"CB","Left"
"12884",144024,"D. Zibung","David Zibung",35,187,85,"Switzerland","FC Luzern",2000,"GK","Right"
"9236",221801,"Liao Lisheng","廖力生",26,180,70,"China PR","Tianjin Quanjian FC",6000,"CDM, CM","Right"
"12132",242351,"T. Bunmathan","Theerathon Bunmathan",29,171,62,"Thailand","Yokohama F. Marinos",2000,"LB, LM","Left"
"5766",235888,"I. Cardona","Irvin Cardona",21,185,77,"France","Stade Brestois 29",7000,"ST","Right"
"15305",241298,"Liu Huan","刘欢",30,183,74,"China PR","Beijing Sinobo Guoan FC",3000,"LB","Right"
"4577",193679,"M. Correia","Marcel Correia",30,186,81,"Portugal"," SSV Jahn Regensburg",9000,"CB","Right"
"17021",248699,"H. Assiri","Hazaa Assiri",23,173,60,"Saudi Arabia","Abha Club",3000,"LB, LM","Left"
"6679",244952,"V. Loroña","Vladimir Loroña",20,180,75,"Mexico","Club Tijuana",6000,"RB, RWB","Right"
"10812",193087,"P. Tomasik","Piotr Tomasik",31,177,72,"Poland","Wisła Płock",2000,"LB","Left"
"16562",246621,"M. Laci","Mergim Laci",21,188,80,"Sweden","Falkenbergs FF",1000,"LM, CAM","Right"
"6065",221271,"T. Pellenard","Théo Pellenard",25,182,78,"France","Angers SCO",9000,"LB","Left"
"4182",212382,"P. Onuachu","Paul Ebere Onuachu",25,201,82,"Nigeria","FC Midtjylland",15000,"ST","Right"
"6215",227990,"Señé","Josep Señé Escudero",27,183,72,"Spain","RCD Mallorca",12000,"CAM, CM, LM","Right"
"13530",251342,"B. Pichler","Benedikt Pichler",21,184,87,"Austria","FK Austria Wien",2000,"LM, ST","Right"
"13150",245253,"L. Barreiro Martins","Leandro Barreiro Martins",19,174,65,"Luxembourg","1. FSV Mainz 05",3000,"CM, CDM","Right"
"6689",237942,"P. Estupiñán","Pervis Josué Estupiñán Tenorio",21,175,73,"Ecuador","CA Osasuna",7000,"LB, LM","Left"
"13562",233279,"Park Dong Jin","박동진 朴东景",24,185,73,"Korea Republic","FC Seoul",2000,"ST, CB, RB","Right"
"16106",244139,"M. Sylla","Moussa Sylla",20,177,72,"France","Racing Club de Lens",1000,"RB","Right"
"5701",237324,"V. Dragomir","Vlad Mihai Dragomir",20,178,67,"Romania","Perugia",2000,"CM, CAM","Left"
"16727",247563,"Y. Velázquez","Yilmar Velázquez",19,178,70,"Colombia","Atlético Nacional",1000,"CAM","Right"
"3042",179897,"R. Sigurðsson","Ragnar Sigurðsson",33,187,77,"Iceland","Iceland",0,"CB","Right"
"2135",239890,"O. Kabak","Ozan Muhammed Kabak",19,186,80,"Turkey","FC Schalke 04",12000,"CB","Right"
"1962",184271,"Y. Sankharé","Younousse Sankharé",29,184,80,"Senegal","FC Girondins de Bordeaux",30000,"CM","Left"
"4503",183518,"Rui Fonte","Rui Pedro da Rocha Fonte",29,181,73,"Portugal","Fulham",30000,"ST","Right"
"10785",189008,"L. Pérez","Luis Ernesto Pérez Martínez",30,175,78,"Mexico","Club Necaxa",3000,"CDM, CM","Right"
"6534",217639,"Y. Kashiwagi","柏木 陽介",31,176,73,"Japan","Urawa Red Diamonds",6000,"CM, CAM","Left"
"17646",241427,"J. Cox","Jordan Cox",20,176,68,"England","Aston Villa",5000,"LM, LW","Left"
"14673",251855,"W. Taïbi","Waniss Taïbi",17,175,60,"France","Angers SCO",1000,"CM, CAM","Right"
"5474",200914,"A. Salvi","Alessandro Salvi",31,183,76,"Italy","Frosinone",3000,"RB, LB, RM","Right"
"9483",235867,"L. Strizzolo","Luca Strizzolo",27,188,83,"Italy","Pordenone",1000,"ST","Right"
"10039",252162,"A. Ueda","上田 綺世",20,180,72,"Japan","Kashima Antlers",2000,"ST","Right"
"5108",216284,"F. Ballas","Florian Ballas",26,196,96,"Germany","SG Dynamo Dresden",10000,"CB","Right"
"6865",223307,"J. Kubicki","Jarosław Kubicki",23,180,70,"Poland","Lechia Gdańsk",3000,"CM, CDM","Right"
"3482",201122,"T. Kalas","Tomáš Kalas",26,183,80,"Czech Republic","Bristol City",27000,"CB","Right"
"12329",251230,"J. Gölles","Julian Gölles",19,189,76,"Austria","WSG Tirol",1000,"RB, RWB, RM","Right"
"4455",162926,"P. Gallagher","Paul Gallagher",34,185,70,"Scotland","Preston North End",18000,"CM, CDM","Right"
"13831",184714,"M. Green","Matt Green",32,184,81,"England","Grimsby Town",2000,"ST, LW, RW","Right"
"17226",239569,"M. Weiß","Maximilian Weiß",21,178,80,"Germany","FC Carl Zeiss Jena",1000,"CAM","Left"
"5544",213010,"Cifu","Miguel Ángel Garrido Cifuentes",28,174,66,"Spain","Málaga CF",6000,"RB, RWB","Right"
"18129",252157,"S. Ciocan","Sergiu Ciocan",20,173,62,"Romania","Gaz Metan Mediaş",1000,"CDM","Right"
"13816",176839,"E. Nouri","Emin Nouri",33,181,75,"Azerbaijan","Kalmar FF",1000,"RWB, CB","Right"
"9714",203095,"S. Gannon","Sean Gannon",27,183,67,"Republic of Ireland","Dundalk",1000,"RB","Right"
"17078",243353,"B. Mumba","Bali Mumba",17,163,57,"England","Sunderland",1000,"CM","Right"
"11396",221141,"A. Bakayoko","Amadou Bakayoko",23,193,85,"Sierra Leone","Coventry City",3000,"ST","Left"
"13370",242734,"W. Omsberg","Wyatt Omsberg",23,193,81,"United States","Minnesota United FC",1000,"CB","Right"
"12948",188880,"R. Östlind","Robin Östlind",29,176,66,"Sweden","Falkenbergs FF",1000,"LM, LW, CF","Left"
"4186",216275,"P. Mwene","Phillipp Mwene",25,172,68,"Austria","1. FSV Mainz 05",15000,"RB, RM, RWB","Right"
"7006",193716,"D. Wilson","Danny Wilson",27,188,79,"Scotland","Colorado Rapids",3000,"CB, CDM","Left"
"5364",185120,"M. Volta","Massimo Volta",32,184,78,"Italy","Benevento",3000,"CB","Right"
"13156",240563,"D. Emmanouilidis","Dimitrios Emmanouilidis",18,175,71,"Greece","Panathinaikos FC",1000,"RM, ST","Right"
"16278",232449,"K. Ishikawa","石川 慧",26,185,83,"Japan","Sagan Tosu",1000,"GK","Right"
"16897",238546,"M. Al Hamad","Muteb Al Hamad",20,173,68,"Saudi Arabia","Damac FC",3000,"ST","Right"
"4107",229337,"Matheus Pereira","Matheus Pereira da Silva",21,181,68,"Brazil","Juventus",37000,"CAM","Left"
"11179",227764,"J. Jones","Jodi Jones",21,177,73,"England","Coventry City",2000,"RM, LM","Left"
"2879",247203,"M. Hanousek","Matěj Hanousek",26,181,75,"Czech Republic","Sparta Praha",1000,"LB, LM","Left"
"13180",241495,"A. Toufiqui","Azzeddine Toufiqui",20,175,69,"France","Paris Saint-Germain",8000,"CM, CAM","Left"
"4814",224494,"R. Henry","Rico Henry",21,170,66,"England","Brentford",15000,"LWB, LB","Left"
"14439",231678,"R. Tongyik","Ruon Tongyik",22,185,80,"Australia","Central Coast Mariners",1000,"CB","Right"
"8958",242722,"A. Fuenmayor","Alejandro Enrique Fuenmayor Castillo",22,184,80,"Venezuela","Houston Dynamo",2000,"CB","Right"
"18064",247454,"J. Peña","Jorge Peña",18,180,75,"Chile","CD Everton de Viña del Mar",1000,"GK","Right"
"13447",225650,"T. King","Tom King",24,192,80,"England","Newport County",2000,"GK","Right"
"8471",189730,"F. Di Tacchio","Francesco Di Tacchio",29,186,81,"Italy","US Salernitana 1919",2000,"CM, CDM","Left"
"12922",178590,"T. Cywka","Tomasz Cywka",31,180,76,"Poland","Lech Poznań",2000,"CDM, RB, CM","Right"
"6228",240050,"S. Karamoko","Souleymane Karamoko",26,170,65,"France","AS Nancy Lorraine",3000,"RB","Right"
"4430",139799,"S. Silva","Santiago Martín Silva Olivera",38,186,80,"Uruguay","Argentinos Juniors",7000,"ST","Right"
"9480",233467,"D. Vega","Deyver Vega",26,178,72,"Costa Rica","Vålerenga Fotball",2000,"RW, RM","Left"
"7297",175598,"Zhao Xuri","赵旭日",33,185,84,"China PR","Dalian YiFang FC",5000,"CDM, CM","Right"
"13162",244234,"A. Opoku","Aaron Opoku",20,185,71,"Germany","FC Hansa Rostock",1000,"LM, RM, CAM","Right"
"6602",238802,"P. Türpitz","Philip Türpitz",27,178,74,"Germany","SV Sandhausen",4000,"CAM, RW, RM","Right"
"1836",234774,"K. Laifis","Konstantinos Laifis",26,186,77,"Cyprus","Standard de Liège",15000,"LB, CB","Left"
"12718",227632,"Jeon Min Gwang","전민광 Min Gwang Jeon",26,186,73,"Korea Republic","Pohang Steelers",2000,"CB, CDM","Right"
"7827",241829,"Lucas","Lucas de Souza Cunha",22,186,76,"Brazil","SC Braga",4000,"CB","Right"
"3409",207984,"A. González","Alfonso González",24,173,70,"Mexico","Monterrey",24000,"CM, CAM","Left"
"107",198710,"J. Rodríguez","James David Rodríguez Rubio",27,180,75,"Colombia","Real Madrid",225000,"CAM, CM, RM","Left"
"16048",251285,"N. Thiede","Niclas Thiede",20,185,81,"Germany","SC Freiburg",2000,"GK","Right"
"17351",248221,"Mu Pengfei","Pengfei Mu",30,192,89,"China PR","Beijing Renhe FC",2000,"GK","Right"
"9766",212971,"N. Al Mousa","Nouh Al Mousa",28,175,70,"Saudi Arabia","Al Ahli",10000,"CDM, CM, CAM","Right"
"17969",244626,"A. Kargbo","Augustus Kargbo",19,172,68,"Sierra Leone","Crotone",1000,"ST","Right"
"3245",220671,"F. Melchiorri","Federico Melchiorri",32,183,76,"Italy","Perugia",5000,"ST","Right"
"17793",244457,"C. Henderson","Craig Henderson",18,173,67,"Scotland","Livingston FC",1000,"LM","Left"
"5616",230368,"Bernardo Motinho","Bernardo Joshua Mota Damasco",27,179,74,"Brazil","Cruzeiro",14000,"RB, RM","Right"
"8222",237538,"F. Rogic","Filip Rogic",26,180,77,"Sweden","Örebro SK",2000,"CM, LW, LWB","Right"
"1546",196144,"J. Martínez","Jackson Martínez",32,185,80,"Colombia","Portimonense SC",10000,"ST","Right"
"13424",246383,"C. Weberg","Charlie Weberg",21,184,80,"Sweden","Helsingborgs IF",1000,"CB","Left"
"9018",240459,"C. Ezeh","Chiderah Ezeh",21,177,69,"Nigeria","Portimonense SC",2000,"RW","Right"
"10219",215855,"B. Purrington","Ben Purrington",23,178,73,"England","Charlton Athletic",4000,"LB","Left"
"13891",212818,"Kim Do Hyung","김도형 金道亨",28,180,70,"Korea Republic","Pohang Steelers",2000,"RM","Right"
"13047",228690,"A. Awaji","Ali Awaji",29,169,62,"Saudi Arabia","Al Ahli",8000,"LM, RM, ST","Left"
"5114",223030,"A. Kara","Aytaç Kara",26,186,84,"Turkey","Kasimpaşa SK",9000,"CM, CDM","Right"
"1491",182629,"Beto","António Alberto Bastos Pimparel",37,182,81,"Portugal","Göztepe SK",12000,"GK","Right"
"7218",12940,"E. Pogatetz","Emanuel Pogatetz",36,191,90,"Austria","LASK Linz",3000,"CB","Left"
"9438",205663,"M. Busellato","Massimiliano Busellato",26,174,73,"Italy","Pescara",2000,"CM, CDM","Right"
"17296",247046,"M. Kouyaté","Mamadou Kouyaté",21,180,75,"Mali","AFC Eskilstuna",1000,"CM","Right"
"9368",200812,"M. Ehmer","Max Ehmer",27,189,93,"Germany","Gillingham",3000,"CB","Right"
"7965",232599,"Y. Nakayama","中山 雄太",22,181,76,"Japan","PEC Zwolle",3000,"CB, LB","Left"
"6457",203537,"S. Ameobi","Sammy Ameobi",27,194,78,"England","Nottingham Forest",19000,"RM, LM","Left"
"5757",229091,"B. Peacock-Farrell","Bailey Peacock-Farrell",22,192,73,"Northern Ireland","Burnley",10000,"GK","Left"
"10068",240729,"L. Rajot","Lorenzo Rajot",21,179,68,"France","Clermont Foot 63",1000,"CDM, CAM","Right"
"1906",159175,"A. Romao","Jacques-Alaixys Romao",35,180,74,"Togo","Stade de Reims",17000,"CDM","Right"
"4545",189928,"G. Scognamiglio","Gennaro Scognamiglio",32,186,78,"Italy","Pescara",3000,"CB","Left"
"9015",239571,"T. Handwerker","Tim Handwerker",21,182,81,"Germany","1. FC Nürnberg",3000,"LB, LM","Left"
"12483",225336,"E. Binaku","Egzon Binaku",23,185,70,"Albania","IFK Norrköping",2000,"LWB","Left"
"12638",217140,"A. Gilliead","Alex Gilliead",23,183,70,"England","Scunthorpe United",4000,"RM, LM","Right"
"17993",252061,"J. Malone","Jack Malone",19,172,72,"Northern Ireland","Derry City",1000,"CM, CAM","Right"
"10798",190454,"S. Ringstad","Stian Ringstad",27,188,80,"Norway","FK Haugesund",1000,"LB, LM","Left"
"9720",203781,"D. Toia","Donald Toia",27,173,75,"United States","Real Salt Lake",2000,"LB","Left"
"7759",245226,"Gonçalo Cardoso","Gonçalo Bento Soares Cardoso",18,189,83,"Portugal","West Ham United",6000,"CB","Left"
"13388",252559,"V. Egri","Volkan Egri",21,173,59,"Germany","Sivasspor",2000,"RM, RB, CAM","Right"
"6551",223826,"Mei Fang","梅方",29,184,74,"China PR","Guangzhou Evergrande Taobao FC",10000,"CB, RB","Right"
"11969",193013,"J. Shea","James Shea",28,181,76,"England","Luton Town",3000,"GK","Right"
"6321",183145,"S. Logan","Shay Logan",31,175,72,"England","Aberdeen",4000,"RB, RWB","Right"
"13214",246039,"Jorge Mier","Jorge Mier Martínez",20,175,65,"Spain","Real Oviedo",1000,"RB","Right"
"8371",152107,"P. Netzer","Philipp Netzer",33,188,80,"Austria","SCR Altach",5000,"CB","Left"
"3240",219167,"S. Vittor","Sergio Javier Vittor",30,189,86,"Argentina","Club Atlético Banfield",12000,"CB","Right"
"8964",247186,"R. Prieto","Richard Prieto",22,172,68,"Paraguay","Godoy Cruz",3000,"LM","Left"
"17248",242606,"S. Strózik","Sebastian Strózik",20,192,84,"Poland","Cracovia",1000,"RM","Right"
"4471",173147,"D. Dessena","Daniele Dessena",32,183,75,"Italy","Brescia",10000,"CM, CDM","Right"
"12677",238956,"D. Bock","Dominik Bock",24,182,78,"Germany","FC Carl Zeiss Jena",1000,"RM, RB, ST","Right"
"4076",228675,"D. Barinov","Dmitriy Barinov",22,179,72,"Russia","Lokomotiv Moscow",1000,"CDM, CB","Right"
"12228",242265,"M. Obafemi","Michael Obafemi",18,169,71,"Republic of Ireland","Southampton",4000,"ST","Right"
"10521",232496,"Rafa de Vicente","Rafael de Vicente Hdez",25,180,75,"Spain","Racing Santander",3000,"CM, CAM, CDM","Right"
"9799",215942,"M. El Makrini","Mohamed El Makrini",31,184,74,"Netherlands","Kilmarnock",2000,"CDM","Right"
"10178",233157,"N. Medvedev","Nikita Medvedev",24,192,80,"Russia","Lokomotiv Moscow",1000,"GK","Right"
"8458",186979,"I. Jiménez","Israel Sabdi Jiménez Nañez",29,174,71,"Mexico","FC Juárez",6000,"RB","Right"
"15518",252375,"Adrián Herrera","Adrián Herrera González",20,179,70,"Spain","CD Numancia",2000,"ST","Right"
"1485",179591,"Pablo Hernández","Pablo Hernández Domínguez",34,173,66,"Spain","Leeds United",57000,"RM, CM, LM","Right"
"11668",237044,"S. Vergara","Sergio Vergara",25,170,68,"Chile","CD Everton de Viña del Mar",1000,"RW","Right"
"17745",252537,"N. Al Ghamdi","Nawaf Al Ghamdi",20,180,78,"Saudi Arabia","Al Hilal",3000,"GK","Right"
"15001",222978,"G. Sloggett","Greg Sloggett",22,188,75,"Republic of Ireland","Derry City",1000,"CM, CDM","Right"
"11411",229401,"N. Mason","Niall Mason",22,180,78,"England","Peterborough United",3000,"RB, LB","Right"
"14591",223451,"K. Akyüz","Kerem Can Akyüz",30,173,69,"Turkey","Denizlispor",4000,"LB","Left"
"3673",223685,"O. Rivero","Octavio Rivero",27,187,82,"Uruguay","Santos Laguna",17000,"ST","Right"
"11199",240829,"E. Amenyido","Etienne Amenyido",21,180,75,"Germany","VfL Osnabrück",3000,"RM, LM","Right"
"2251",247030,"P. Ševčík","Petr Ševčík",25,172,66,"Czech Republic","SK Slavia Praha",1000,"CM, CAM, LM","Right"
"13076",237763,"M. Musaka","六平 光成",28,176,66,"Japan","Shimizu S-Pulse",1000,"CM, CDM","Right"
"611",220651,"Angeliño","José Ángel Esmoris Tasende",22,175,69,"Spain","Manchester City",91000,"LB","Left"
"2615",230239,"Claudiano Sobrino","Claudiano G. Sobrino Guevara",35,177,72,"Brazil","Chapecoense",10000,"CDM, CM","Right"
"13229",234241,"B. Lubala","Beryly Lubala",21,177,73,"DR Congo","Crawley Town",2000,"RM","Right"
"9650",192365,"S. Bidaoui","Soufiane Bidaoui",29,168,63,"Morocco","Spezia",2000,"LW, LM","Right"
"18054",244178,"T. Kretzschmar","Tom Kretzschmar",20,185,78,"Germany","TSV 1860 München",1000,"GK","Right"
"7700",242075,"J. Sargent","Josh Sargent",19,185,79,"United States","SV Werder Bremen",6000,"ST, RW","Right"
"934",190243,"M. Hitz","Marwin Hitz",31,194,89,"Switzerland","Borussia Dortmund",49000,"GK","Right"
"8441",183151,"M. Keita","Muhamed Keita",28,171,77,"Norway","Strømsgodset IF",2000,"LM, LW, CAM","Right"
"12159",252259,"E. Millot","Enzo Millot",16,175,65,"France","AS Monaco",1000,"CM","Left"
"15598",238296,"B. Mathis","Boris Mathis",21,178,74,"France","Rodez Aveyron Football",1000,"ST","Right"
"16647",239797,"M. Lansing","Michael Lansing",25,193,88,"United States","AC Horsens",1000,"GK","Right"
"17882",248849,"J. Fielding","Jamie Fielding",19,188,75,"England","Stevenage",1000,"CB, RB","Right"
"16168",252452,"M. Stefandl","Marco Stefandl",21,180,77,"Germany","Hannover 96",4000,"RW, ST","Right"
"17625",241690,"M. Wolfe","Matty Wolfe",19,185,75,"England","Barnsley",1000,"CM","Right"
"5411",191673,"Kwon Soon Hyung","권순형 权纯亨",33,176,71,"Korea Republic","Jeju United FC",4000,"CM, CAM","Right"
"14100",243973,"T. Reithmeir","Tobias Reithmeir",19,190,87,"Germany","1. FC Heidenheim 1846",1000,"CB","Right"
"11608",242160,"M. Lode","Marius Lode",26,185,77,"Norway","FK Bodø/Glimt",1000,"CB","Right"
"5886",232000,"Lee Seung Woo","이승우 李昇佑",21,173,63,"Korea Republic","Hellas Verona",6000,"CAM, LW, RW","Right"
"6368",189530,"Sílvio","Sílvio Manuel Azevedo Ferreira Sá Pereira",31,176,66,"Portugal","Vitória de Setúbal",3000,"LB, RB","Right"
"9576",179822,"H. Jele","Happy Jele",32,181,70,"South Africa","Orlando Pirates",1000,"CB, RB","Right"
"16515",232895,"C. Wakefield","Charlie Wakefield",21,184,72,"England","Coventry City",1000,"RM, RB","Right"
"6784",234359,"Andoni López","Andoni López Saratxo",23,187,76,"Spain","Elche CF",3000,"LB","Left"
"11556",251232,"Jorge Silva","Jorge Fernando dos Santos Silva",23,183,75,"Portugal","FC Paços de Ferreira",2000,"RB","Right"
"15811",19521,"J. Ibehre","Jabo Ibehre",36,194,92,"England","Cambridge United",2000,"ST","Right"
"7666",236167,"Freddy Cardouso","Fred Marcos Cardouso Pombal",31,172,70,"Brazil","Avaí FC",7000,"CAM, CF","Left"
"8869",233084,"N. Molina","Nahuel Molina",21,175,70,"Argentina","Rosario Central",3000,"RB, RWB","Right"
"8385",162315,"L. Ridgewell","Liam Ridgewell",34,188,79,"England","Southend United",4000,"CB","Left"
"3522",199550,"B. Martins Indi","Bruno Martins Indi",27,185,76,"Netherlands","Stoke City",22000,"CB, LB","Left"
"12102",232602,"Kim Jungya","김정야 金贞亚",31,183,74,"Korea Republic","Vegalta Sendai",1000,"CB","Right"
"1665",215639,"Kenedy","Robert Kenedy Nunes do Nascimento",23,182,77,"Brazil","Chelsea",67000,"LM","Left"
"6082",233591,"Pomares","Carlos Pomares Rayo",26,182,74,"Spain","AD Alcorcón",5000,"LB, CB","Left"
"11159",242004,"Jeon Se Jin","전세진 Se Jin Jeon",19,182,69,"Korea Republic","Suwon Samsung Bluewings",1000,"ST, LW","Right"
"1707",228093,"M. Thuram","Marcus Thuram",21,192,87,"France","Borussia Mönchengladbach",19000,"LM, ST","Right"
"4266",205585,"J. Price","Jack Price",26,170,69,"England","Colorado Rapids",5000,"CDM, CM","Right"
"13662",201169,"K. Forenc","Konrad Forenc",26,191,91,"Poland","Zagłębie Lubin",1000,"GK","Left"
"12610",246382,"M. Moro","Mamudu Moro",24,177,76,"Ghana","Helsingborgs IF",1000,"RM, LM","Right"
"15057",229185,"F. Lach","Frederik Lach",22,190,80,"Germany","FC Hansa Rostock",1000,"CB, RB, CDM","Right"
"4464",167706,"N. Bendtner","Nicklas Bendtner",31,193,84,"Denmark","Rosenborg BK",6000,"ST","Right"
"9022",244489,"P. Chato","Paterson Chato",22,188,85,"Germany","SV Wehen Wiesbaden",4000,"CDM, CM","Left"
"6041",208096,"T. Eisfeld","Thomas Eisfeld",26,177,76,"Germany","VfL Bochum 1848",9000,"CAM, CDM, CM","Right"
"7665",236072,"Daniel Mestrança","Daniel Clayton Mestrança Silva",35,185,74,"Brazil","Avaí FC",5000,"LB, LM","Left"
"9399",223676,"R. Renner","Rene Renner",25,181,69,"Austria","LASK Linz",4000,"LM, LB","Left"
"10603",199245,"G. Allison","Guillermo Allison Revuelta",28,191,90,"Mexico","Cruz Azul",5000,"GK","Right"
"3082",187043,"S. Johansen","Stefan Marius Johansen",28,182,78,"Norway","Fulham",35000,"CM, CDM","Left"
"9859",232874,"S. Yamamoto","山本 脩斗",34,180,69,"Japan","Kashima Antlers",3000,"LB","Right"
"7573",216186,"P. Zulechner","Philipp Zulechner",29,182,79,"Austria","FC Erzgebirge Aue",4000,"ST","Right"
"10986",237764,"R. Takeuchi","竹内 涼",28,173,66,"Japan","Shimizu S-Pulse",2000,"CM, CDM","Right"
"13390",219813,"M. Havekotte","Mike Havekotte",23,187,80,"Netherlands","ADO Den Haag",1000,"GK","Right"
"7678",244258,"D. Zagorac","Danijel Zagorac",32,186,80,"Croatia","Dinamo Zagreb",1000,"GK","Right"
"12309",235736,"K. Sterling","Kazaiah Sterling",20,175,71,"England","Doncaster Rovers",2000,"ST","Right"
"12903",170743,"I. Djuric","Igor Đurić",30,181,77,"Switzerland","Neuchâtel Xamax",2000,"CB","Right"
"14903",231746,"K. Vásquez","Kevin Vásquez",22,170,68,"Chile","Unión La Calera",1000,"CDM, RB","Right"
"4903",214025,"C. Higuita","Cristian Andrés Higuita Beltrán",25,175,80,"Colombia","Orlando City SC",4000,"CDM, CM","Right"
"12270",229194,"A. Georgen","Alec Georgen",20,172,67,"France","Paris Saint-Germain",8000,"RB","Right"
"7973",244297,"G. Beridze","Giorgi Beridze",22,174,71,"Georgia","KAA Gent",7000,"LW, CF","Left"
"1065",204077,"M. Niang","M'Baye Babacar Niang",24,188,83,"Senegal","Stade Rennais FC",39000,"ST, LM","Right"
"4937",221413,"R. Echeverría","Rodrigo Eduardo Echeverría Sáez",24,181,73,"Chile","Universidad de Chile",6000,"CB, CM, RB","Right"
"3154",199313,"A. Bamba","Abdoulaye Bamba",29,182,72,"Ivory Coast","Angers SCO",18000,"RB, LB, RWB","Right"
"5949",234381,"J. Müller","Jannik Müller",25,183,83,"Germany","SG Dynamo Dresden",8000,"CB","Right"
"18155",243108,"Liu Yi","刘逸",22,176,66,"China PR","Tianjin Quanjian FC",2000,"CDM","Right"
"756",234378,"D. Rice","Declan Rice",20,185,80,"England","West Ham United",49000,"CDM, CB, CM","Right"
"17102",240838,"B. Wade","Bradley Wade",18,178,74,"England","Rochdale",1000,"GK","Right"
"16094",236029,"C. Cockerill-Mollett","Callum Cockerill-Mollett",20,178,70,"Republic of Ireland","Walsall",2000,"LB","Left"
"15012",235143,"M. Welch-Hayes","Miles Welch-Hayes",22,180,77,"England","Macclesfield Town",1000,"RB, LB, CB","Right"
"7659",234059,"J. Chancellor","Jhon Chancellor",27,198,86,"Venezuela","Brescia",6000,"CB","Right"
"17482",233689,"J. Lindgren","Julius Lindgren",21,184,80,"Sweden","IFK Norrköping",1000,"GK","Right"
"3841",192128,"M. Albornoz","Miiko Martín Albornoz Inola",28,180,80,"Chile","Hannover 96",20000,"LB, LM","Left"
"14753",247737,"J. Sánchez de León","Juan Sánchez de León",19,178,70,"Argentina","Racing Club",2000,"CB, CDM","Right"
"4362",199568,"K. Lamprou","Konstantinos Lamprou",27,178,84,"Greece","Vitesse",9000,"GK","Left"
"2531",199383,"T. Klose","Timm Klose",31,193,87,"Switzerland","Norwich City",35000,"CB","Right"
"9000",232296,"F. Moufi","Fahd Moufi",23,179,73,"Morocco","CD Tondela",2000,"RB","Right"
"1694",220715,"E. Ponce","Ezequiel Ponce",22,178,78,"Argentina","Spartak Moscow",1000,"ST","Right"
"16322",182352,"Li Benjian","李本建",33,179,73,"China PR","Henan Jianye FC",2000,"LM, CAM, CM","Left"
"10900",213377,"H. Al Hazaa","Hazaa Ibrahim Al Hazaa",27,176,64,"Saudi Arabia","Ettifaq FC",8000,"ST, LM","Right"
"5132",200671,"V. Ulloa","Victor Ulloa",27,180,75,"Mexico","FC Cincinnati",5000,"CDM, CM","Right"
"11178",224665,"K. Wojtkowski","Kamil Wojtkowski",21,173,66,"Poland","Wisła Kraków",2000,"CAM","Right"
"861",220131,"M. Diagne","Mbaye Diagne",27,191,86,"Senegal","Galatasaray SK",69000,"ST","Right"
"15354",242917,"L. Chávez","Lautaro Chávez",18,170,65,"Argentina","Gimnasia y Esgrima La Plata",1000,"ST","Right"
"14452",201945,"D. Amankwaa","Danny Kwasi Amankwaa",25,176,68,"Denmark","SønderjyskE",2000,"RM, RW","Right"
"10174",231575,"L. Vaca","Leonardo Vaca",23,175,69,"Bolivia","Bolivia",0,"ST, RW","Right"
"14682",238458,"E. Vertainen","Eetu Vertainen",20,189,82,"Finland","HJK Helsinki",1000,"ST, CAM","Right"
"3315",236947,"J. Torunarigha","Jordan Torunarigha",21,191,80,"Germany","Hertha BSC",12000,"CB, LB","Left"
"8123",212443,"S. Pasa","Simone Pasa",25,184,85,"Italy","Pordenone",1000,"CM, CB, CDM","Left"
"14719",245749,"A. Baroan","Antoine Baroan",19,188,82,"France","Chamois Niortais Football Club",1000,"LM, ST","Left"
"1528",190607,"D. Quintero","Carlos Darwin Quintero Villalba",31,166,66,"Colombia","Minnesota United FC",10000,"CF, CAM, ST","Right"
"14966",242419,"B. Njie","Bilal Njie",21,184,72,"Norway","Odds BK",1000,"RW","Right"
"15041",251981,"M. Huard","Matthieu Huard",21,177,71,"France","AC Ajaccio",1000,"LB","Left"
"10642",227223,"A. Vita","Alessio Vita",26,176,67,"Italy","Cittadella",1000,"RM, CM, LM","Right"
"2268",220905,"J. Aholou","Jean-Eudes Aholou",25,187,80,"Ivory Coast","AS Saint-Étienne",23000,"CDM, CM","Left"
"13092",246303,"Y. Hashiuchi","Yuya Hashiuchi",31,175,72,"Japan","Matsumoto Yamaga",1000,"CB, RB, RM","Right"
"11318",242222,"L. Selahi","Lindon Selahi",20,173,76,"Albania","FC Twente",2000,"CM, CAM, CDM","Right"
"11798",240062,"A. Peteleu","Ionuț Andrei Peteleu",26,182,76,"Romania","CFR Cluj",3000,"RB, LB","Right"
"16202",251659,"A. Al Hejaili","Ayman Al Hejaili",21,165,60,"Saudi Arabia","Damac FC",3000,"LM, CAM","Left"
"8260",210269,"Renato","Renato Augusto Santos Júnior",26,185,77,"Brazil","Shimizu S-Pulse",2000,"CDM, CM","Right"
"4946",229325,"O. Linnér","Oscar Linnér",22,198,82,"Sweden","AIK",4000,"GK","Right"
"15138",241206,"D. Maekawa","前川 黛也",24,191,86,"Japan","Vissel Kobe",1000,"GK","Right"
"10394",231123,"Adri Castellano","Adrián Castellano Cobacho",25,181,73,"Spain","CD Numancia",3000,"LB","Left"
"2090",215064,"J. Furch","Julio Furch",29,187,88,"Argentina","Santos Laguna",23000,"ST","Right"
"11236",235572,"R. Sykes","Ross Sykes",20,196,73,"England","Accrington Stanley",1000,"CB","Right"
"6484",208311,"S. Branca","Simone Branca",27,181,74,"Italy","Cittadella",2000,"CM, CDM, CAM","Right"
"9116",230638,"J. Vásquez","Jhon Vásquez",24,176,78,"Colombia","Alianza Petrolera",1000,"RM, ST","Right"
"5354",184176,"G. Bruno","Gianni Bruno",27,180,73,"Belgium","SV Zulte-Waregem",9000,"RM, ST, LM","Right"
"4837",251763,"L. Randjelovic","Lazar Randjelovic",21,177,68,"Serbia","Olympiacos CFP",1000,"LM, RM","Right"
"2147",238621,"Rodrigo Becão","Rodrigo Nascimento França",23,191,79,"Brazil","Udinese",12000,"CB","Right"
"5481",201572,"M. Korhut","Mihály Korhut",30,181,76,"Hungary","Hungary",0,"LB","Left"
"9053",228809,"A. Doffo","Agustín Doffo",24,179,74,"Argentina","CD O'Higgins",2000,"CAM","Left"
"4566",192636,"David Simão","David Martins Simão",29,183,74,"Portugal","AEK Athens",1000,"CM, CDM","Left"
"9436",205378,"B. Valette","Baptiste Valette",26,185,78,"France","AS Nancy Lorraine",2000,"GK","Right"
"18151",247253,"D. Ruíz","Diego Ruíz",21,177,73,"Colombia","Unión Magdalena",1000,"RB, CM","Right"
"7341",183924,"F. Migliore","Francesco Migliore",31,173,75,"Italy","US Cremonese",2000,"LB, LM","Left"
"15484",229731,"M. Stevens","Mathew Stevens",21,180,74,"England","Forest Green Rovers",3000,"ST","Right"
"11488",243807,"C. Sibbald","Craig Sibbald",24,170,70,"Scotland","Livingston FC",2000,"CAM, RM, LM","Right"
"6982",229686,"Henrique","Henrique Gelain Custódio",24,180,81,"Brazil","Portimonense SC",3000,"LB","Left"
"14922",243925,"M. Behrens","Morten Behrens",22,193,89,"Germany","1. FC Magdeburg",1000,"GK","Right"
"4447",157503,"A. Song","Alexandre Dimitri Song-Billong",31,185,74,"Cameroon","FC Sion",18000,"CDM, CM","Right"
"17313",247298,"S. Raben","Sam Raben",22,183,75,"United States","Colorado Rapids",1000,"CB, CDM","Right"
"3340",241856,"Manu Morlanes","Manuel Morlanes Ariño",20,178,75,"Spain","Villarreal CF",15000,"CM","Right"
"15703",240886,"R. Menayese","Rollin Menayese",21,190,80,"Wales","Bristol Rovers",1000,"CB","Right"
"18008",244056,"C. Öyvann","Casper Öyvann",19,185,75,"Norway","FK Bodø/Glimt",1000,"CB","Right"
"10158",222329,"M. Wdowiak","Mateusz Wdowiak",22,174,60,"Poland","Cracovia",2000,"LM","Right"
"11388",210676,"W. Falcone","Wladimiro Falcone",24,195,85,"Italy","Sampdoria",5000,"GK","Right"
"8874",234856,"H. Mendes","Houboulang Mendes",21,184,73,"France","FC Lorient",2000,"RB","Right"
"1677",231416,"D. Lukébakio","Dodi Lukébakio",21,187,77,"Belgium","Hertha BSC",21000,"ST, RM","Left"
"11434",244250,"P. Owusu","Prince Osei Owusu",22,190,87,"Germany","DSC Arminia Bielefeld",4000,"ST","Left"
"1313",238095,"N. Milenković","Nikola Milenković",21,195,90,"Serbia","Fiorentina",30000,"CB, RB","Right"
"606",210411,"Otávio","Otávio Edmilson da Silva Monteiro",24,172,71,"Brazil","FC Porto",15000,"RM, CAM, CM","Right"
"11677",251228,"D. Kovačec","Dino Kovačec",25,178,71,"Croatia","WSG Tirol",3000,"LM, RM, CF","Right"
"7395",190408,"M. Reginiussen","Mads Reginiussen",31,175,70,"Norway","Ranheim Fotball",2000,"CM","Right"
"6892",247881,"J. Escobar","Juan Escobar",23,177,76,"Paraguay","Cruz Azul",8000,"CB, RB","Right"
"4593",198220,"M. Bourabia","Mehdi Bourabia",27,183,73,"Morocco","Sassuolo",29000,"CM, CDM, CAM","Right"
"6439",199750,"R. Hassan","Rilwan Hassan",28,172,64,"Nigeria","SønderjyskE",8000,"RW","Right"
"206",159261,"F. Quagliarella","Fabio Quagliarella",36,180,79,"Italy","Sampdoria",46000,"ST","Right"
"7476",202162,"J. Anibaba","Jalil Anibaba",30,183,77,"United States","New England Revolution",3000,"CB","Right"
"16291",225991,"Zhang Chenlong","张晨龙",26,175,65,"China PR","Beijing Renhe FC",2000,"LB, LWB","Right"
"11625",203292,"O. Turton","Oliver Turton",26,180,75,"England","Blackpool",3000,"RB, LB, CM","Right"
"5709",228827,"J. Fuchs","Jeando Fuchs",21,174,70,"Cameroon","Deportivo Alavés",7000,"CDM, CM","Right"
"15853",234476,"A. Albers","Andreas Albers Nielsen",29,193,88,"Denmark"," SSV Jahn Regensburg",3000,"ST","Right"
"14990",252694,"D. Bilogrevic","Dominik Bilogrevic",20,182,74,"Germany","SC Paderborn 07",3000,"CAM, CM","Right"
"4993",221890,"J. Fulton","Jay Fulton",25,182,78,"Scotland","Swansea City",14000,"CDM, CM","Right"
"13645",228210,"L. Jackson","Lachlan Jackson",24,194,83,"Australia","Newcastle Jets",1000,"CB, LB","Left"
"11361",238037,"N. Bazzana","Nicolás Bazzana",23,181,77,"Argentina","Club Atlético Aldosivi",2000,"CB","Right"
"10225",222369,"E. Smith","Eric Smith",22,192,86,"Sweden","KAA Gent",4000,"CDM, CM, CB","Right"
"13976",252099,"P. Gál-Andrezly","Peter Gál-Andrezly",29,172,71,"Slovakia","Sepsi OSK",2000,"LM","Right"
"13558",231033,"J. Maguire","Joe Maguire",23,179,70,"England","Accrington Stanley",1000,"LB","Left"
"7891",227370,"M. Zetterer","Michael Zetterer",23,187,79,"Germany","PEC Zwolle",2000,"GK","Right"
"6378",190530,"T. Fontaine","Thomas Fontaine",28,184,83,"Madagascar","FC Lorient",4000,"CB","Left"
"15404",240913,"C. Kelleher","Caoimhin Kelleher",20,188,69,"Republic of Ireland","Liverpool",5000,"GK","Right"
"13597",211358,"J. Fabri","Julien Fabri",25,183,75,"France","Stade Brestois 29",2000,"GK","Right"
"10908",214185,"S. Romero","Sergio Esteban Romero Méndez",30,175,70,"Colombia","Atlético Bucaramanga",1000,"ST","Right"
"7998",222843,"Ronan","Ronan David Jeronimo",24,195,89,"Brazil","Rio Ave FC",3000,"ST","Right"
"16002",225134,"A. Bass","Alex Bass",21,187,70,"England","Portsmouth",1000,"GK","Right"
"3833",190664,"J. Schieber","Julian Schieber",30,186,83,"Germany","FC Augsburg",19000,"ST","Left"
"6885",239432,"A. Grbic","Adrian Grbic",22,188,82,"Austria","Clermont Foot 63",3000,"ST","Right"
"4878",232526,"E. Cobbaut","Elias Cobbaut",21,189,83,"Belgium","RSC Anderlecht",7000,"LB, CB, LM","Left"
"3662",214129,"S. Barreiro","Jaine Stiven Barreiro Solis",25,189,78,"Colombia","Pachuca",14000,"CB","Right"
"9006",235536,"F. Venegas","Francisco Eduardo Venegas Moreno",20,178,65,"Mexico","Tigres U.A.N.L.",11000,"CB, LB, LWB","Left"
"18230",247224,"Wang Zhifeng","Zhifeng Wang",22,195,80,"China PR","Wuhan Zall",1000,"GK","Right"
"8551",201362,"Pardo","José Antonio Pardo Lucas",31,187,78,"Spain","Extremadura UD",3000,"CB","Right"
"7888",225915,"A. Fontana","Agustín Fontana",23,176,72,"Argentina","Club Atlético Banfield",5000,"ST","Right"
"8721",236194,"Venanzio Meirás","Venanzio Luis Meirás Correia",31,184,77,"Brazil","Chapecoense",6000,"ST, CAM","Left"
"17524",246990,"J. Collins","Joshua Collins",22,182,77,"Republic of Ireland","UCD AFC",1000,"CB","Left"
"10971",232452,"K. Hachisuka","蜂須賀 孝治",28,180,75,"Japan","Vegalta Sendai",2000,"RB, RM","Right"
"10429",211053,"L. Hägg-Johansson","Lucas Hägg-Johansson",24,189,79,"Sweden","Kalmar FF",1000,"GK","Right"
"10819",193638,"G. Misuraca","Gianvito Misuraca",29,180,75,"Italy","Pordenone",1000,"CAM, CM, CF","Right"
"15767",206659,"J. McLaughlin","Jimmy McLaughlin",26,173,61,"United States","FC Cincinnati",1000,"CM","Right"
"7785",243384,"C. Munder","César Augusto Munder Rodríguez",19,166,57,"Cuba","Universidad Católica",3000,"LW, RW","Right"
"11489",244022,"I. Sissoko","Ibrahim Sissoko",23,190,89,"France","Chamois Niortais Football Club",2000,"ST","Right"
"8536",199516,"R. Holmes","Ricky Holmes",32,172,75,"England","Sheffield United",11000,"LM, RM, CAM","Right"
"123",192563,"B. Leno","Bernd Leno",27,190,83,"Germany","Arsenal",91000,"GK","Right"
"16493",241601,"C. Barrios","Cristian Barrios",21,163,65,"Colombia","Patriotas Boyacá FC",1000,"CAM","Right"
"7918",241804,"O. Nor Afkan","Omid Nor Afkan",22,182,78,"Iran","Sporting de Charleroi",4000,"CDM","Left"
"11931",188522,"Fábinho","Fabio  Alves Macedo",34,170,68,"Brazil","Philadelphia Union",2000,"LB","Left"
"3706",155463,"V. Găman","Marius Valerică Găman",30,191,82,"Romania","Al Shabab",21000,"CB","Right"
"2099",223682,"Granell","Àlex Granell Nogué",30,175,70,"Spain","Girona FC",11000,"CM, LWB","Left"
"17708",248731,"S. Werni","Sander Werni",19,172,59,"Norway","Vålerenga Fotball",1000,"ST","Right"
"7222",50294,"S. Camara","Souleymane Camara",36,174,75,"Senegal","Montpellier HSC",10000,"ST, RM","Right"
"4810",241783,"K. Parks","Keaton Parks",21,191,81,"United States","New York City FC",4000,"CM, CDM","Right"
"1964",184457,"R. van Wolfswinkel","Ricky van Wolfswinkel",30,185,70,"Netherlands","FC Basel 1893",27000,"ST, RM","Right"
"10262",235442,"S. Ngezana","Siyabonga Ngezana",21,185,77,"South Africa","Kaizer Chiefs",1000,"CB, RB","Right"
"7228",134828,"K. Broadfoot","Kirk Broadfoot",34,191,89,"Scotland","Kilmarnock",3000,"CB","Right"
"1047",211354,"M. Benassi","Marco Benassi",24,184,80,"Italy","Fiorentina",43000,"CM","Right"
"7623",229108,"J. Pérez","John Fredy Pérez Lizarazo",30,174,67,"Colombia","Atlético Bucaramanga",1000,"LM, CAM","Right"
"10325",239476,"S. Ingolitsch","Sandro Ingolitsch",22,179,72,"Austria","SKN St. Pölten",4000,"RB, RWB, RM","Right"
"1133",137351,"D. Baier","Daniel Baier",35,176,78,"Germany","FC Augsburg",17000,"CDM, CM","Right"
"4881",233290,"R. Zhemaletdinov","Rifat Zhemaletdinov",22,184,80,"Russia","Lokomotiv Moscow",1000,"RM, ST, LM","Right"
"16076",246747,"I. Tona","Iván Tona",19,176,62,"Mexico","Club Tijuana",2000,"CAM","Right"
"14442",234070,"M. Kanabah","Majed Kanabah",26,170,70,"Saudi Arabia","Al Fateh",4000,"CDM, CM","Left"
"9917",240317,"Z. Celar","Žan Celar",20,186,80,"Slovenia","Cittadella",1000,"ST","Right"
"17099",252572,"K. Cagtay","Kurukalip Cagtay",17,181,70,"Turkey","Kasimpaşa SK",1000,"LB","Left"
"13526",246879,"O. Camara","Ousmane Camara",20,169,62,"Guinea","Vålerenga Fotball",1000,"RM, LM","Right"
"8985",225550,"Gaspar","Gaspar Panadero Zamora",21,165,62,"Spain","UD Almería",2000,"LM, RM","Left"
"4750",236071,"João Bardinho","João Rodolfo Bardinho Barros",35,177,71,"Brazil","Botafogo",9000,"LB, RB","Left"
"14090",237683,"N. Holland","Nathan Holland",21,178,70,"England","West Ham United",8000,"LM, RM","Right"
"16165",251951,"M. Cicconi","Manuel Cicconi",22,182,78,"Italy","Virtus Entella",1000,"LM, CM","Left"
"7682",246822,"G. Ortiz","Gerardo Ortiz",30,187,84,"Paraguay","Once Caldas",1000,"GK","Left"
"10310",226737,"J. Palacios","Jeisson Andrés Palacios Murillo",25,186,77,"Colombia","Alianza Petrolera",1000,"CB","Right"
"10198",243210,"A. Abeid","Yacoub Aly Abeid",21,174,73,"Mauritania","Levante UD",4000,"LB","Left"
"14160",234941,"C. Pring","Cameron Pring",21,185,71,"England","Walsall",2000,"LWB, LB","Left"
"5830",223791,"R. Niyaz","Recep Niyaz",24,165,60,"Turkey","Denizlispor",10000,"CM, CAM","Left"
"5101",212446,"L. Garritano","Luca Garritano",25,172,67,"Italy","Chievo Verona",3000,"CM, CAM, LM","Right"
"4097",241176,"L. Vera","Lucas Vera",22,164,60,"Argentina","Club Atlético Lanús",11000,"CM, LW, RW","Right"
"6954",241981,"Nanu","Eulânio Ângelo Chipela Gomes",25,177,67,"Guinea Bissau","Clube Sport Marítimo",4000,"RB","Right"
"3002",165429,"C. Keșerü","Claudiu Andrei Keșerü",32,178,71,"Romania","Romania",0,"ST","Left"
"15930",240863,"C. Coventry","Conor Coventry",19,175,65,"Republic of Ireland","West Ham United",6000,"CM, CDM","Right"
"3444",212680,"J. Jones","Jordan Jones",24,174,61,"Northern Ireland","Rangers FC",30000,"LM, LW, CAM","Right"
"14324",228658,"K. O'Connor","Kevin O'Connor",24,183,75,"Republic of Ireland","Cork City",1000,"LB, CDM","Left"
"12577",213969,"M. Pinnock","Mitchell Pinnock",24,183,69,"England","AFC Wimbledon",2000,"RM, LM","Left"
"14148",228106,"P. O'Connor","Paudie O'Connor",21,191,77,"Republic of Ireland","Bradford City",2000,"CB","Right"
"8592",210527,"P. Paye","Pape Paye",29,169,65,"France","FC Sochaux-Montbéliard",2000,"RB, LB, RWB","Right"
"9802",216269,"S. Hertner","Sebastian Hertner",28,180,75,"Germany","SV Darmstadt 98",6000,"LB, LM","Left"
"5501",204353,"C. Forsyth","Craig Forsyth",30,189,83,"Scotland","Derby County",14000,"LB","Left"
"13909",222294,"Sun Shilin","孙世林",30,178,72,"China PR","Shanghai Greenland Shenhua FC",3000,"CDM, CM, RB","Right"
"10858",203877,"D. Maatsen","Darren Maatsen",29,183,71,"Netherlands","RKC Waalwijk",2000,"RW, ST","Right"
"9163",215817,"D. Islamovic","Dino Islamovic",25,189,87,"Sweden","Östersunds FK",2000,"ST","Left"
"15570",239362,"A. Aberkane","Abdallah Aberkane",19,176,70,"Netherlands","Sparta Rotterdam",1000,"RB, CB","Right"
"5267",163600,"J. Ruddy","John Ruddy",32,193,97,"England","Wolverhampton Wanderers",27000,"GK","Right"
"17785",246447,"Nicolas Firmino","Elio Nicolas Firmino",18,180,70,"Brazil","New England Revolution",1000,"CAM","Right"
"1430",135451,"Gomes","Heurelho da Silva Gomes",38,191,95,"Brazil","Watford",27000,"GK","Right"
"6883",236037,"P. Clement","Pelle Clement",23,177,67,"Netherlands","PEC Zwolle",4000,"CM","Right"
"2584",214781,"S. Romero","Silvio Ezequiel Romero",30,177,76,"Argentina","Independiente",20000,"ST, RW, RM","Right"
"10083",244948,"C. Benavídez","Carlos Benavídez",21,185,77,"Uruguay","Independiente",3000,"CDM","Right"
"5542",211872,"P. Heise","Philip Heise",28,184,78,"Germany","Norwich City",23000,"LB, LM","Left"
"3516",235419,"N. Dovedan","Nikola Dovedan",24,172,71,"Austria","1. FC Nürnberg",11000,"CF, CAM, LM","Right"
"14959",240022,"G. Zecca","Giacomo Zecca",21,180,76,"Italy","Sassuolo",6000,"RW, LW, ST","Right"
"3074",185199,"S. Ribas","Sebastián César Helios Ribas Barbato",31,189,80,"Uruguay","Rosario Central",15000,"ST","Right"
"11616",251486,"Nené","Rui F. da Cunha Correia",24,183,76,"Portugal","Santa Clara",1000,"CM, CDM","Left"
"4419",16254,"T. Howard","Tim Howard",40,191,88,"United States","Colorado Rapids",3000,"GK","Right"
"15246",177672,"D. Da Costa","David Da Costa",33,187,79,"Switzerland","FC Lugano",1000,"GK","Left"
"10131",240434,"J. Tell","Jordan Tell",22,185,74,"France","Stade Rennais FC",9000,"ST, LM, RM","Right"
"6394",193333,"N. Brighenti","Nicolò Brighenti",29,178,75,"Italy","Frosinone",2000,"CB, LB","Right"
"15743",252356,"T. Egert","Tomáš Egert",24,192,85,"Czech Republic","Oldham Athletic",2000,"CB","Right"
"13961",246433,"K. Söderström","Karl Söderström",33,182,79,"Sweden","Falkenbergs FF",1000,"RM, LM, RWB","Right"
"11699",215738,"J. Beaulieu","Jonathan Beaulieu",26,180,65,"France","FC Chambly Oise",1000,"CDM, CM","Right"
"5387",189472,"Aridane","Aridane Hernández Umpiérrez",30,186,77,"Spain","CA Osasuna",15000,"CB","Right"
"14177",243500,"A. Gamboa","Alexis Gamboa",20,191,85,"Costa Rica","Waasland-Beveren",2000,"CB","Left"
"12889",155443,"L. Buș","Laurențiu Buș",31,174,73,"Romania","Academica Clinceni",1000,"LM, RM","Left"
"7375",188383,"P. Valdivia","Pierrick Valdivia",31,185,77,"France","Nîmes Olympique",9000,"CM","Left"
"11412",229743,"A. Deiola","Alessandro Deiola",23,189,85,"Italy","Cagliari",6000,"CM","Right"
"11",231747,"K. Mbappé","Kylian Mbappé",20,178,73,"France","Paris Saint-Germain",155000,"ST, RW","Right"
"17561",247550,"M. Russell","Mark Russell",23,178,70,"Scotland","Finn Harps",1000,"LWB","Left"
"12040",211002,"Hwang Seok Ho","황석호 黄锡浩",30,183,80,"Korea Republic","Shimizu S-Pulse",1000,"CB","Right"
"5700",236830,"Z. Youssouf","Zaydou Youssouf",19,182,81,"France","AS Saint-Étienne",8000,"CM, RM","Left"
"14848",244612,"L. Martínez","Luis Martínez",20,176,77,"Mexico","Club Tijuana",2000,"RB","Right"
"16980",247059,"A. Al Hidhani","Ali Al Hidhani",21,172,67,"United Arab Emirates","Al Ain FC",1000,"RB","Right"
"12144",248702,"J. Castro","Juan Castro",27,165,69,"Mexico","Atlético de San Luis",3000,"LM","Right"
"9402",232014,"M. Salazar","Michael Dwane Salazar Jr.",26,180,82,"Belize","Houston Dynamo",3000,"ST, RM","Right"
"5937",225632,"O. Burke","Oliver Burke",22,188,85,"Scotland","West Bromwich Albion",18000,"ST, RM","Right"
"2340",240046,"João Victor","João Victor Santos Sá",25,178,72,"Brazil","VfL Wolfsburg",37000,"LW, LM","Left"
"1695",221219,"G. Conti","Germán Andrés Conti",25,194,80,"Argentina","SL Benfica",11000,"CB","Right"
"11306",239496,"Y. Fekir","Yassin Fekir",22,170,65,"France","Real Betis",5000,"LW, RW, CAM","Right"
"16043",244720,"B. Gabriël","Brent Gabriël",20,188,75,"Belgium","Waasland-Beveren",1000,"GK","Right"
"16856",236529,"S. Alzate","Steven Alzate",20,180,65,"England","Brighton & Hove Albion",5000,"CM, CAM","Right"
